Month,Total Sales
April,39891.3775
August,48049.084
December,28791.37
February,39734.3365
January,27000.4345
July,25241.361
June,34500.606999999996
March,48997.502
May,45139.748
November,35734.851
October,44742.077000000005
September,42306.8085
